{
  "logs": [
    {
      "message": "Changed network card in server 007",
      "attention": false,
      "tech": "Sam Smith",
      "date": "2019-05-31T15:46:10.179Z",
      "id": 1
    },
    {
      "id": 2,
      "message": "Fixed hard drive on workstation 002",
      "attention": false,
      "tech": "John Doe",
      "date": "2019-05-31T16:18:04.245Z"
    },
    {
      "message": "1122 wireless down",
      "attention": true,
      "tech": "Sara Wilson",
      "date": "2019-05-31T15:46:48.690Z",
      "id": 3
    },
    {
      "id": 4,
      "message": "Workstation 026 is up and running",
      "attention": false,
      "tech": "Sara Wilson",
      "date": "2019-05-31T19:57:35.544Z"
    }
  ],
  "techs": [
    {
      "id": 1,
      "firstName": "John",
      "lastName": "Doe"
    },
    {
      "id": 2,
      "firstName": "Sam",
      "lastName": "Smith"
    },
    {
      "id": 3,
      "firstName": "Sara",
      "lastName": "Wilson"
    }
  ]
}